Customer_ID,Name,City,Phone,Email,Join_Date
CUST0001,Christopher Stewart,South Keithberg,001-323-886-3559x3255,christian41@yahoo.com,2025-08-15
CUST0002,Richard Wood,Ethanhaven,001-845-923-5297x239,catherinegonzalez@hotmail.com,2023-01-14
CUST0003,Felicia Fernandez,Sandrabury,+1-401-388-4224x580,jacksonanthony@henderson.com,2022-10-28
CUST0004,Amber Smith,Cooperburgh,(569)032-0932,uholmes@gmail.com,2023-07-14
CUST0005,Trevor Lewis DVM,Raymondbury,623-066-8730,smithstephen@berry.com,2025-11-13
CUST0006,Karen Miller,Davisside,+1-749-631-5519,kimdarrell@perry-nguyen.com,2021-08-25
CUST0007,Ryan Ali,Lake Crystalview,(190)950-6314,gturner@hotmail.com,2024-06-25
CUST0008,Nicholas Garcia,North Jenniferborough,+1-244-142-4134x89880,amber77@hotmail.com,2023-03-28
CUST0009,Scott Franklin,Nicholsland,001-992-591-2935x234,perkinsshannon@hotmail.com,2023-11-17
CUST0010,Andrew Phillips,Mclaughlinberg,1389734809,brivers@yahoo.com,2024-03-19
CUST0011,Richard Smith,Lake Amber,(995)646-7784x352,leebrandon@yahoo.com,2024-05-17
CUST0012,Shelia Torres,New Johnathanfort,731.499.3459x073,judith68@gmail.com,2022-06-13
CUST0013,Shannon Sandoval,South Christopherburgh,(163)330-9767x175,stanleyking@yahoo.com,2025-03-17
CUST0014,Stephen Collins,Port Christopher,624.751.9796x8610,hebertmiranda@hotmail.com,2022-12-26
CUST0015,Kristina Lopez,New Jamesville,608-230-9177x10730,thall@hotmail.com,2021-09-18
CUST0016,Joseph King,Whitefort,493.336.7785x75077,bcobb@hotmail.com,2025-01-22
CUST0017,Ashley Warren,New Tiffany,001-366-061-8461x695,thomas15@martin.com,2024-05-18
CUST0018,Rachel Christensen,Lake Stephaniefurt,(714)241-5040,ashleygonzalez@yahoo.com,2024-06-11
CUST0019,Fernando Morrison,West Nicolechester,162.172.0334x960,ashleyanthony@gmail.com,2025-11-07
CUST0020,Diane Guerrero,West Kathryn,(517)812-2565x98613,william84@peterson-hayes.com,2023-08-29
CUST0021,Colin Lawson,New Jessica,(515)689-8230x792,robertmiller@gmail.com,2022-11-04
CUST0022,Aaron Campos,Lake Jesse,478.805.4054,qyates@gray.net,2022-01-31
CUST0023,Becky Bass,East Edwin,7668094870,gregory19@mitchell.info,2026-03-26
CUST0024,Ray James,North Deborah,950.385.1551x41830,moralesann@yahoo.com,2024-06-24
CUST0025,Andrew Shepherd,South Robertbury,210-464-5115x975,walkernicole@best-osborne.info,2024-06-21
CUST0026,Jennifer Lindsey,Dayland,+1-548-853-0644x974,cgray@yahoo.com,2022-06-04
CUST0027,Juan Phillips,Sullivanview,614.369.0326x5152,carrieyang@welch-patrick.com,2022-08-25
CUST0028,Brian Adams,North Monicaside,(824)574-1119x385,brittanymartinez@yahoo.com,2024-02-08
CUST0029,Justin Scott,Norrismouth,399.258.7144,dawnholland@davis-horton.org,2022-09-06
CUST0030,Abigail Lopez,Edwardton,2170509549,adam72@gmail.com,2023-08-21
CUST0031,Eric Fisher,East Mackenzieshire,+1-729-506-1252x879,gmerritt@gmail.com,2024-02-28
CUST0032,Brian Perez,Yvonneberg,588.653.5493x1354,keithdudley@wells-lewis.net,2026-02-25
CUST0033,John Graham,Cruzhaven,677-852-3232x3262,deborah32@carroll.com,2024-07-07
CUST0034,Autumn Martin,New Brian,347-538-3829x061,vwalsh@leblanc.com,2021-10-11
CUST0035,Charles Bennett,Tylerhaven,(815)157-9275,xfloyd@hotmail.com,2025-09-15
CUST0036,Brian Hall DVM,Sandersfort,611.408.1857,jevans@spence.biz,2021-12-23
CUST0037,Courtney Luna,Rodriguezfurt,+1-800-288-3777x12462,farmerjacob@hotmail.com,2022-04-24
CUST0038,Roy Contreras,Vanessafurt,(247)168-3646x6425,dgonzalez@yahoo.com,2023-07-26
CUST0039,Eric Gallegos,Leblancfurt,001-273-581-6909x29270,stephanie05@gmail.com,2024-03-30
CUST0040,Melissa Caldwell,Michaelburgh,001-720-207-1035x095,smithdonna@palmer.com,2024-10-29
CUST0041,Dr. John Hill MD,North Andrew,+1-826-817-2459,thomasrichard@pollard.com,2022-08-27
CUST0042,Carol Bauer,Fletcherland,001-964-585-5618,nmiller@brown.com,2023-08-27
CUST0043,Ashley Thomas,Christyton,001-443-408-8086x946,dukejohn@hotmail.com,2024-04-25
CUST0044,Heather Snyder,North Barbaraville,+1-956-222-9635x56815,jgonzales@jennings.com,2024-11-03
CUST0045,Barbara Macdonald,Mayland,001-937-792-6016x511,troymeyers@baker.com,2024-12-30
CUST0046,Don Ellis,Lake Emily,754.017.3123,tjohnson@hotmail.com,2022-09-27
CUST0047,Rodney Young,South Erica,776-986-1131x36274,emilyphillips@hotmail.com,2024-03-27
CUST0048,Rita Moore,Port Tammyport,001-336-465-9135x710,sherry69@marshall.net,2021-06-30
CUST0049,Brandy Morris,Port Nicholas,8742816650,adrian93@hotmail.com,2025-03-20
CUST0050,Nicole Jones,West Bridget,001-657-183-3461x90017,chavezkyle@williams.com,2023-08-11
CUST0051,David Hall,Port Sean,208-135-8053x39228,nicholsabigail@hotmail.com,2022-05-09
CUST0052,Emily Thompson,South Kelsey,832.423.7846,unelson@gmail.com,2024-12-26
CUST0053,Mary Ferguson,Calderonhaven,+1-130-246-4276,garnerjustin@gmail.com,2024-09-07
CUST0054,Angelica Lawrence,New William,001-450-056-9778x84573,thomassharon@hotmail.com,2022-05-14
CUST0055,Joseph Harris,Melissahaven,225-329-5527x84871,lindseyandrea@bauer-martinez.com,2024-10-17
CUST0056,Christine Harris,Flowersfort,(355)878-8776,kelsey59@roman.com,2025-03-29
CUST0057,Kelsey Miller,Frazierton,677-816-1369,richard36@moran.com,2026-03-01
CUST0058,Amanda Schultz,Brittanyburgh,944.462.1423x783,wjenkins@hotmail.com,2024-06-21
CUST0059,Andrew Craig,Frenchmouth,001-589-063-1391x56563,andrewsmichael@hotmail.com,2024-07-15
CUST0060,Stephanie Grant,New Alexandra,001-850-609-7876x7146,douglas14@hotmail.com,2024-01-14
CUST0061,Kimberly Walker,Jonathanstad,(383)325-0690x223,uespinoza@wallace-baker.com,2025-01-24
CUST0062,Carla Miller,South Jenniferborough,(072)018-3236,crawfordmartin@reyes-edwards.net,2022-12-15
CUST0063,Corey Owens,Aaronbury,+1-337-454-3574,yhayes@saunders.com,2025-11-21
CUST0064,Cheryl Duarte,West Latasha,091-030-3530x23264,reeseyolanda@gmail.com,2026-03-19
CUST0065,Lauren Herrera,Port Samantha,(580)770-1606x831,tammy94@hotmail.com,2025-12-06
CUST0066,Sheila Richardson,South Jennifer,(438)058-9889,mary27@hayes-hernandez.com,2025-08-15
CUST0067,John Gonzalez,Charlesborough,(615)857-7266,usaunders@yahoo.com,2026-05-04
CUST0068,James Vincent,Laurieberg,786.585.2719x9469,nicholas05@carson.com,2024-03-25
CUST0069,Pamela Singh,Khanborough,579-832-8063,rpark@gmail.com,2025-11-06
CUST0070,Michael Young,East Carlos,366-457-4314x23762,gwebb@poole-schneider.com,2021-08-11
CUST0071,John Miller,South Daltonburgh,913-380-7928x2329,amy71@sanchez-curtis.org,2023-07-07
CUST0072,Brian Savage,Prestonport,+1-930-186-7862x788,karen80@gmail.com,2026-04-17
CUST0073,Peter Owens,West Arthur,392.491.8850x58237,janefreeman@lopez.com,2024-01-12
CUST0074,Shane Jones,East Robert,(022)218-2055x4779,alexander53@johnson-yang.com,2025-08-10
CUST0075,Julie Neal,Arnoldmouth,384-034-2203x789,igarcia@webb.org,2025-08-11
CUST0076,Sarah Reid,Lake Williamberg,(434)694-5031x2025,todd91@gmail.com,2023-03-26
CUST0077,Donald Turner,West Debrafort,+1-086-365-9663x808,lawrencerivas@brown.com,2021-08-08
CUST0078,Christine Young,Lucaston,105.552.6009x243,krista39@gmail.com,2023-06-29
CUST0079,Joshua Tucker,South Jodiberg,3279286410,imcdonald@yahoo.com,2023-09-30
CUST0080,Justin Park,Andreamouth,8338291970,mark15@gmail.com,2023-03-08
CUST0081,Charles Cruz,North Coreyhaven,+1-539-658-8991x5519,glennnicholas@hotmail.com,2024-11-21
CUST0082,April Bryant,Lake Marie,434-900-5017x42776,pamelastewart@gmail.com,2024-05-26
CUST0083,Trevor Whitney,Salazarview,+1-467-648-7798,ethan15@gmail.com,2023-01-15
CUST0084,Felicia Hall,Nathanchester,001-613-426-0243x034,jeremyramirez@lambert-jimenez.com,2021-09-01
CUST0085,Natalie Johnson,Lake Jesse,519-142-8870x5581,angela03@walker-gardner.com,2026-03-18
CUST0086,Edgar Peterson,Houstonmouth,+1-857-308-1427x5980,michaeloneal@scott.com,2021-10-15
CUST0087,Mary Thomas,Nicolasberg,306-991-3956x2911,pagelydia@yahoo.com,2021-06-04
CUST0088,Marcus Campbell,Zacharyborough,001-935-773-7848,justin30@moore.net,2025-01-04
CUST0089,Virginia Martinez,Jessicashire,001-282-684-9166x99351,shannoncooper@molina.com,2021-08-31
CUST0090,Marcus Cline,North Jill,420-568-1001,zdavis@ewing.biz,2024-09-12
CUST0091,Brandon Mccall,Campbellport,001-575-190-4917x2837,garrett26@lee.biz,2022-09-12
CUST0092,Danielle Saunders,West Danielstad,+1-814-635-3260,reevesgina@gmail.com,2023-11-15
CUST0093,Bradley Day,Lake Christinafort,(127)124-1732x9092,maryhood@valencia-li.com,2023-01-03
CUST0094,Amy Ortiz,East Charles,001-968-963-5249x03637,lisa53@howard.org,2024-08-18
CUST0095,John Bowers,Lake Elizabeth,6218229989,agonzalez@flores.org,2025-10-07
CUST0096,Shelby Lee,Kathleenburgh,713-289-9869x130,hendersonrebecca@yahoo.com,2025-12-12
CUST0097,Antonio Livingston,Lake Markchester,+1-244-657-2082x778,seanblack@gmail.com,2023-06-01
CUST0098,Andrea Neal,West Michelle,054.734.0738x1979,dawnsanchez@yahoo.com,2021-06-13
CUST0099,Patricia Martinez,Lake Keith,(137)814-8876x38398,jeffreythompson@wright.com,2025-11-03
CUST0100,Dr. Karen Fuller,Staceyfurt,861-265-0269x783,stephensandrew@walters.org,2026-03-26
CUST0101,Anthony Pope,Monroehaven,209.354.0562x6505,cynthialopez@yahoo.com,2025-03-03
CUST0102,Sarah Mills,South Sandy,763-232-3662,sandrarichardson@ellison-diaz.com,2023-05-01
CUST0103,Brandon Durham,Hodgesstad,730-395-4681x512,tuckeredward@gmail.com,2025-03-26
CUST0104,Jacob Obrien,Lake Christinamouth,654.569.1293,javierperez@fischer-watkins.info,2024-09-06
CUST0105,Tiffany Griffin,North Brettfurt,746.775.5886x11245,cshaffer@dean-berry.com,2023-06-04
CUST0106,Vincent Lloyd,North James,1565834721,lisacisneros@baker-palmer.info,2021-10-13
CUST0107,Paul Davidson,New Alexisburgh,064.453.1533x9272,stacynolan@yahoo.com,2021-11-17
CUST0108,Diane Ramos DVM,Montoyaside,735.427.9825x36536,joycejohn@gmail.com,2025-12-01
CUST0109,Brent Day,Port Jamesberg,940.325.2312,karenwilliams@hotmail.com,2022-11-22
CUST0110,Rebecca Marquez,Port Brandon,540-057-2301x4437,grahamjames@perez.com,2023-09-17
CUST0111,Kathryn Larson,East Adrienneside,001-651-691-4479x8125,hwright@yahoo.com,2022-06-11
CUST0112,Wendy Baker,North Monica,376-224-4194x3849,rebecca20@yahoo.com,2024-03-01
CUST0113,Brian Huber,North Leah,(698)396-1059x206,jacqueline14@bennett.biz,2021-09-26
CUST0114,Lori Gray,South Travis,(598)259-0674x9072,ericanderson@boyd-rodriguez.net,2023-12-17
CUST0115,Jacob Brown,Smithmouth,3431246134,jeffrey46@chung-johnson.com,2023-12-16
CUST0116,Jerry Wilson,South William,001-380-608-6662x383,aavila@hotmail.com,2022-06-11
CUST0117,Kristina Stone,Davischester,(588)259-6685,john79@jordan-wells.com,2025-08-15
CUST0118,Kevin Cox,Lake Alanview,001-986-405-4694x857,julia57@gmail.com,2021-08-30
CUST0119,Charles Moyer,East Erica,+1-715-139-9182,deborahmahoney@yahoo.com,2022-10-04
CUST0120,Steven Young,West Janetshire,134-296-1537,linda34@yahoo.com,2024-08-21
CUST0121,Zachary Nelson,Johnborough,(950)852-6921x199,berrykayla@gmail.com,2023-11-04
CUST0122,Mrs. Pamela Richmond,Beckside,001-845-770-4803x43976,hudsonlisa@andrews-kim.com,2024-05-29
CUST0123,Leslie Williams,Wandaton,245-508-6261x23583,michaelwheeler@gmail.com,2023-01-30
CUST0124,Jennifer Reyes MD,Lake William,235.429.7356x33082,joseph99@gmail.com,2024-05-20
CUST0125,Keith Hill,Lake Anthonyville,+1-307-178-2908x1088,katherine47@yahoo.com,2021-06-09
CUST0126,Michael Cole,Torresside,001-304-277-9698,teresahernandez@wallace.biz,2023-08-05
CUST0127,Tina Cummings,New Michael,468-516-3024,joannealvarado@hotmail.com,2021-06-22
CUST0128,Joshua Reyes,West Sandraland,(547)554-5826,loganemily@carter-daniels.info,2022-06-29
CUST0129,David Young,South Calebmouth,+1-385-702-3261x190,shebert@hotmail.com,2021-06-13
CUST0130,Christina Higgins,Howardmouth,4105776105,kjones@hotmail.com,2022-12-28
CUST0131,Melissa Santana,Sarahberg,529-409-4833,phillipsbrenda@yahoo.com,2025-04-30
CUST0132,Joshua Rogers,Port Dwayne,001-658-529-4334x07727,gcastro@gmail.com,2025-07-22
CUST0133,Tiffany Ross,Rayhaven,8992942411,harmonjamie@durham.com,2022-09-27
CUST0134,Wayne Ryan,Crystalville,(874)956-2266,elizabeth67@cherry.com,2024-12-12
CUST0135,Samuel Hernandez,East Catherineview,(644)185-3078x81138,kelly30@hotmail.com,2022-04-03
CUST0136,Thomas Gonzales,North Jodi,5314857236,danaedwards@gmail.com,2024-04-03
CUST0137,Kristen Smith,Nicoletown,694.204.0980x94550,katelynperry@hotmail.com,2026-02-26
CUST0138,Lisa Woods,New Katelynside,9945166922,wfrank@yahoo.com,2024-03-09
CUST0139,Jacob Crane,North Chelseafurt,(633)558-2601,englishkenneth@smith.com,2026-01-14
CUST0140,Eric Myers,Tuckerview,056-268-6062x215,normannancy@watson-jackson.com,2023-05-11
CUST0141,John Choi,Lisaview,(151)135-0317x4996,hayesanthony@riley.com,2025-10-03
CUST0142,Shelby Harding,Lake Justin,498.439.8626x69369,patricia80@jones-gray.com,2024-01-11
CUST0143,Nicole Whitehead,Michelleville,2278554532,sfarmer@dawson.net,2023-03-12
CUST0144,Lisa Carroll,Catherinefurt,737-939-6053x38559,alittle@cook.com,2021-12-02
CUST0145,Adriana Rose,Julianton,302-203-9063,mrios@hotmail.com,2021-08-06
CUST0146,Samantha Woods,Lewishaven,001-256-884-1987x7872,lauren03@yahoo.com,2025-04-23
CUST0147,John Ramos,Hallmouth,8704561427,martinsue@frey-franklin.org,2023-10-07
CUST0148,Adam Taylor,West Jeremy,464.195.0798,murphylinda@cooper-hernandez.com,2023-02-26
CUST0149,Christopher White,Phyllisberg,001-473-692-2773x27611,matthew16@hotmail.com,2025-10-17
CUST0150,Theresa Black,Josehaven,(181)115-9673x2241,ybuchanan@hotmail.com,2021-07-04
CUST0151,John Livingston,North Jamieville,(046)823-6893,ljones@mclean.biz,2023-09-07
CUST0152,Jo Kelley,Craigtown,029-708-5022x3636,nhowe@murray.com,2025-08-05
CUST0153,Susan Hernandez,New Apriltown,001-402-845-5975x33463,kristen10@gmail.com,2021-07-17
CUST0154,Kelly Thompson,Port John,199.832.9351x498,ktyler@hotmail.com,2021-10-26
CUST0155,David Hill,Haleyville,922-175-2013x88512,mark05@allison.com,2025-02-01
CUST0156,Jennifer Smith,Shellyfort,001-467-015-1689,melissawoods@hotmail.com,2023-08-10
CUST0157,Nicholas Smith,Beckbury,(869)887-6992x14561,caitlin89@wilson.org,2025-06-03
CUST0158,Christopher Pena,North Kathy,(013)877-4278,jason44@owens-oliver.com,2023-11-22
CUST0159,Christopher Price,Brianfurt,(408)581-1800x06063,mitchellheather@hotmail.com,2023-08-18
CUST0160,Angie Zavala,Lake Geraldland,332-829-7120x79970,jeremymccoy@wright.net,2024-05-15
CUST0161,Diana Hunter,Port Theresabury,(748)461-8357,michaeljensen@stone-carlson.info,2023-04-24
CUST0162,Robert Oneal,Marthamouth,939.744.7179,mercadodavid@cross.info,2023-06-03
CUST0163,David Cannon,Lauraport,178.838.4333x198,denisemorgan@gmail.com,2022-03-12
CUST0164,Joshua Garcia,Moodytown,6296832816,patrick77@yahoo.com,2023-12-12
CUST0165,Adrienne Petersen,Josephfort,(033)662-6520,jonathan63@juarez.com,2025-11-25
CUST0166,Justin Phelps,West Brianfort,704-810-9938,samantha70@yahoo.com,2023-08-26
CUST0167,Mark Bush,Chapmanshire,(248)837-9089x993,sshaw@gmail.com,2025-08-26
CUST0168,Kenneth Nelson,Walkerport,716.014.2529x23345,edelgado@hotmail.com,2022-03-11
CUST0169,Dr. Johnny Taylor,Wintersborough,001-124-068-8938x65752,megancarpenter@yahoo.com,2021-06-15
CUST0170,Kimberly Carey,West Brendafort,797-382-0712,amanda42@gordon-page.com,2023-08-02
CUST0171,David Thomas,Juanstad,378-565-1268,hollyward@yahoo.com,2024-07-06
CUST0172,Jacqueline Williams,Roblesfort,4635424148,james54@yahoo.com,2022-12-02
CUST0173,John Ball,New Evan,723.936.5551x5580,susanjames@yahoo.com,2021-11-21
CUST0174,John Hogan,Benjaminburgh,295-430-4650,sheilabarrett@smith.com,2024-01-27
CUST0175,Kristopher Cabrera,West Michael,+1-322-408-8735x8395,ivansims@hotmail.com,2025-05-02
CUST0176,Erica Gross,Kylebury,376-577-3392x1485,sholder@yahoo.com,2022-01-19
CUST0177,Tyler Mcclure,Rileybury,(460)881-6175,williamsrobert@yahoo.com,2023-08-08
CUST0178,Michele Calderon,Port Dustin,001-478-652-7711x260,richardgonzalez@hill.net,2025-01-19
CUST0179,Joseph Brown,New Jenniferborough,070-317-1374,lmiranda@hotmail.com,2025-11-08
CUST0180,Michael Graves,Lake Corey,1183369982,conniegilbert@yahoo.com,2025-07-27
CUST0181,William Rhodes,Smithfort,001-044-136-9934x33741,fpowell@yahoo.com,2025-04-22
CUST0182,Tara Deleon,Blakeburgh,+1-526-253-7576x37521,davistina@yahoo.com,2022-09-22
CUST0183,Lindsay Buck,Mcmahonberg,518-954-7664,jromero@yahoo.com,2025-03-28
CUST0184,Kyle White,Erinmouth,001-560-340-3785,gdavis@grimes.com,2024-05-21
CUST0185,Jeffrey Norris,New Anne,(411)665-5673,mendezrebecca@gross-atkinson.net,2023-07-05
CUST0186,Heidi Martinez,West Sheilafort,+1-100-706-2388x0907,michael89@hotmail.com,2024-07-17
CUST0187,Antonio Weeks,Brianstad,497.500.5099x583,caroline61@rodriguez.com,2021-09-17
CUST0188,Perry Stewart,Davidfort,494.591.2585,bbrown@thornton-kennedy.info,2026-04-01
CUST0189,Evan Bishop,South Josephtown,650-484-5527x2656,fadams@castillo-evans.com,2025-11-29
CUST0190,Collin Espinoza Jr.,Port Jenniferland,(570)892-0235,stephensjason@gmail.com,2022-03-13
CUST0191,Alicia Herrera DDS,New Danielton,001-466-519-7367x30100,christinareyes@murray.org,2022-06-10
CUST0192,Renee Andrews,Joelhaven,687-021-7263,summersjustin@gmail.com,2025-12-18
CUST0193,Christopher Smith,Sandersfort,+1-825-291-8518x34622,hphillips@small.com,2021-12-08
CUST0194,Devin Dyer,Sanchezland,821.563.6557x43063,gharris@yahoo.com,2023-12-26
CUST0195,Kyle Carlson DDS,Jenniferhaven,615-009-2325x597,owensheather@yahoo.com,2024-10-19
CUST0196,Ryan Andrews,Lake Brianton,353.641.9004x1098,edwardhines@prince.com,2023-11-16
CUST0197,Michael Fisher,East Robert,0588174041,vperez@butler.com,2023-01-04
CUST0198,James Savage,East Jaclyn,690.001.3349x6716,amyzavala@robinson.org,2024-04-06
CUST0199,Timothy Reese,Johnfort,001-421-485-6418x1963,austin42@gmail.com,2025-03-28
CUST0200,Michael Cameron,Kennedymouth,(989)122-9441,ericahernandez@briggs.com,2024-11-30
CUST0201,Jeffrey Dixon,Lake Andrea,686.086.2543,martinryan@neal.com,2025-05-24
CUST0202,Ryan Smith,Amandafort,507-448-0549x46923,anthony48@weiss.com,2021-08-24
CUST0203,Carl Atkins,Martinezhaven,962.578.5351x861,matthew63@gmail.com,2021-10-23
CUST0204,Marc Bennett,West Ashleyport,339-499-1857,kwatson@hotmail.com,2025-06-07
CUST0205,Todd Gillespie,Prattshire,9667520974,dianamendoza@yahoo.com,2025-04-23
CUST0206,Sean Smith,East Katherineberg,411.381.7128,raymond05@yahoo.com,2022-05-02
CUST0207,Jessica Robertson,Shelleyborough,622-694-5364,annasmith@yahoo.com,2026-05-10
CUST0208,Catherine Garcia,Port Kristin,(574)736-4142,shepardbradley@yahoo.com,2021-12-15
CUST0209,Jill Trevino,Chambersstad,+1-035-667-0485x38429,jjones@yahoo.com,2021-06-06
CUST0210,Tara Johnson,North Joshuaton,+1-633-721-4297,yrubio@hotmail.com,2023-12-21
CUST0211,Mr. Thomas Hammond,Port Sean,3093318062,gordonedward@weaver.com,2023-10-26
CUST0212,Terri Miller,Donnaville,9298421905,maddenmatthew@jennings.org,2021-06-03
CUST0213,Tonya Reed,Andreton,(817)651-4212x773,gonzalesantonio@hotmail.com,2025-03-27
CUST0214,Justin Brooks,Stephaniebury,5184235148,tracey45@martinez.org,2021-08-27
CUST0215,Annette Rodriguez,Davidview,245.418.9877x3129,daniel89@murray-brown.com,2022-01-25
CUST0216,Veronica Murphy,Floresburgh,001-054-481-3439x72684,bryan30@sims-fowler.com,2021-06-13
CUST0217,Phillip Smith,North Juliemouth,(099)985-9624x294,jonathanfrazier@brown-santos.com,2021-10-12
CUST0218,Luis Mayo,Jamiefort,001-997-112-9504x96640,seth22@hotmail.com,2024-11-09
CUST0219,Dr. Maria Smith,New William,(823)140-2670x04837,colinelliott@glenn.com,2023-04-05
CUST0220,Michael Williams,Cruzville,001-800-879-0700,gpalmer@hooper-bowen.com,2022-12-23
CUST0221,Gregory Fox,Gilberthaven,505.871.0101,peterkidd@hotmail.com,2025-12-12
CUST0222,Randall Pitts,Timothymouth,558-098-8017x59685,kennethmartin@kennedy.com,2023-12-17
CUST0223,Amanda Fisher,West Veronica,(695)020-5070x6006,jeanette83@smith.com,2021-10-21
CUST0224,Gregory Taylor,West Courtney,992-851-5145x9281,xcampbell@hotmail.com,2026-04-15
CUST0225,Emily Mitchell,Mitchellton,104.481.0848x9279,dgray@torres-hansen.com,2023-03-03
CUST0226,Christopher Harris,Lake Gailfort,942-971-0175x5318,parkjose@hill.com,2023-01-19
CUST0227,Tyler Burns,Gomezport,343-929-7143,umoore@lloyd.org,2024-06-29
CUST0228,Steven Lyons,Victoriastad,845-539-0125x368,melissaevans@thomas-harris.net,2023-10-08
CUST0229,Alison Briggs,Victoriatown,676-993-9014,erinmcneil@gmail.com,2021-06-24
CUST0230,Brian Levine,Timothychester,(531)624-5576x933,johnsmith@powell.com,2022-02-15
CUST0231,Mr. Aaron Jimenez,Brownfort,1460009231,mariaweaver@yahoo.com,2026-05-12
CUST0232,Courtney Allen,Angelshire,(010)250-2975x38100,nicholastorres@yahoo.com,2023-09-03
CUST0233,Pamela Green,Ginafort,215-775-0159x03597,hernandezveronica@yahoo.com,2023-12-06
CUST0234,Melissa Cooper,South Davidborough,+1-670-783-3696,qpatel@hotmail.com,2022-05-20
CUST0235,Christine Hernandez,South Kristinafurt,541-212-6925,lhensley@hotmail.com,2021-07-24
CUST0236,Jane Hooper,Wallaceton,(459)259-2765x79507,obradshaw@yahoo.com,2025-10-22
CUST0237,Kevin Torres,Solisview,+1-903-961-2510x07176,lindsaybuckley@evans.com,2022-10-25
CUST0238,Douglas Smith,Rodgersbury,+1-315-882-9537x466,tkramer@gmail.com,2023-12-06
CUST0239,Alexandra Rogers,Port Douglas,001-044-919-2169x32785,gilmoreshawn@hood-jacobs.com,2022-04-13
CUST0240,Roberto Barker,Dawsonshire,(991)176-5875x20155,bradleylee@gmail.com,2026-04-27
CUST0241,Taylor Johnson,Smithfurt,281-294-1898x3299,jonathanchapman@yahoo.com,2024-07-05
CUST0242,Jonathan Phillips,Brandyton,738-178-0620x206,sbailey@yahoo.com,2023-02-07
CUST0243,Stephanie Roberts,South Cheryl,(994)498-2122,karacampbell@smith-pineda.biz,2024-01-15
CUST0244,Thomas Ray,Port Henry,+1-478-350-1521x50701,jamesgriffin@schroeder-gardner.com,2022-01-09
CUST0245,Catherine Schmitt,Scottchester,+1-963-277-4604,hannah84@bailey.com,2021-09-26
CUST0246,Shannon Green,New Karenburgh,8747337450,allison18@gmail.com,2025-11-24
CUST0247,Tracy Barker,Maryshire,609-298-7869,qstewart@yahoo.com,2026-03-02
CUST0248,Katrina Mason,Port Rickyfurt,983.058.8667,lisacarson@yahoo.com,2022-05-08
CUST0249,Audrey Goodwin,Barneschester,808.633.7935x25690,swatson@gmail.com,2023-07-26
CUST0250,Steve Gonzalez,North Jennaland,792.588.9269,chapmanmartin@miller-brown.net,2025-07-29
CUST0251,Doris Mullins,South Monicaborough,890.721.5358,ohernandez@vega.org,2026-02-28
CUST0252,Ashley Jones,Katieville,974.114.5676x94868,andrea51@perry.org,2022-11-16
CUST0253,Troy Williams,East Michael,298-990-8251,mrichard@briggs.com,2026-04-25
CUST0254,Nicole Wright,Jamesfurt,9190835686,colepaula@yahoo.com,2024-09-06
CUST0255,Tony Gonzalez,Lake Hunterfurt,001-623-199-7516,heather96@hotmail.com,2026-05-06
CUST0256,Jasmine Smith,Lake Brittanyfort,331-564-3560,nicolescott@hotmail.com,2021-06-02
CUST0257,Frederick Taylor,Schultzmouth,163-649-7199x301,alexander25@sanford.net,2022-01-24
CUST0258,Laura King,Rickeyview,411.504.9208x9146,barrettjanice@davidson.info,2024-12-29
CUST0259,John Charles,Jacksonshire,025.628.5293x77332,lesliereilly@rodriguez.info,2025-09-17
CUST0260,Leslie Gross,West Melinda,+1-026-525-9927x73010,youngelizabeth@yahoo.com,2024-07-08
CUST0261,Dr. Ann Caldwell,Brownborough,(155)695-7497x650,anthony58@dunn.org,2024-01-04
CUST0262,Daniel Jimenez,Port William,001-743-220-6268,jamiewhite@walker-hernandez.com,2023-04-11
CUST0263,Ronald Turner,Angelafort,236-491-2623x909,bakergeorge@hotmail.com,2021-12-29
CUST0264,Tammy Sanders,Lake Jessica,+1-829-209-6664,michael37@jefferson-miller.org,2023-12-05
CUST0265,Margaret Villanueva,East Davidton,638-977-7656x025,danielgreen@smith.biz,2024-07-19
CUST0266,Dean Lee,Alexandratown,+1-409-905-6337x127,rwiggins@moyer.info,2022-05-13
CUST0267,Victoria Cervantes,North Reneeburgh,772.585.3117,stephanie27@nguyen-wilson.com,2023-02-05
CUST0268,Jennifer Doyle,Rosestad,072-936-0980x336,christopherlee@gmail.com,2024-04-15
CUST0269,Jerome Gonzales,Richardburgh,(532)691-0744,justincook@gmail.com,2023-04-11
CUST0270,Donald Bates,Reginaport,862.517.7891,xhenderson@gmail.com,2021-09-07
CUST0271,Jeremy Jennings,Port Andrew,001-490-899-8218x69206,rphillips@ford.com,2022-10-22
CUST0272,Jessica Brown,Mooretown,(665)346-3983,christina13@gmail.com,2022-03-12
CUST0273,James Keller,North Kenneth,086-396-2859x6560,zoneal@martin-pruitt.com,2025-09-27
CUST0274,Maria Campbell,Lake Lindaville,+1-522-492-3531x646,robertschristine@williams.net,2021-11-24
CUST0275,Kimberly Avery,South Donnamouth,(449)518-9985,hlin@gmail.com,2023-11-09
CUST0276,Ashley Simmons,West Lindsey,429-820-3465x823,hendrixjohn@lewis-carr.com,2021-11-26
CUST0277,Lauren Hurley,West Dustinport,027-771-7700x08860,elloyd@dillon.biz,2024-11-01
CUST0278,Gregory Thompson,Paulborough,4796570605,oliverrachel@yahoo.com,2025-06-15
CUST0279,Diane Nelson,North Jennifer,(983)414-7178,kevin33@yahoo.com,2024-05-17
CUST0280,Mathew Joseph,North Jennifer,164-186-6050x00304,rachel95@hotmail.com,2024-04-18
CUST0281,Jessica Perkins,North Adrianton,505.647.0484x063,jennifer66@hotmail.com,2025-08-28
CUST0282,Heidi Mendoza,Dianafort,019-354-7890x04422,dean40@lawson.org,2024-02-03
CUST0283,Tracey Blankenship,Youngstad,(353)869-2000,blairstephanie@brock.info,2022-04-16
CUST0284,Kimberly Rodriguez,Lake Ashleyshire,+1-626-054-8382,heather72@gmail.com,2021-10-14
CUST0285,Christine Jenkins,Howardtown,652-165-9689,bridgetpittman@james.com,2022-08-08
CUST0286,Melissa Stewart,East Jimmyfurt,001-813-917-1305x388,randy47@young.com,2022-08-02
CUST0287,Breanna Herrera,Brendaside,(250)628-9080,dbennett@lopez.com,2022-08-26
CUST0288,Michael Wall,New Anthonychester,0543031014,kevinmorton@gmail.com,2026-05-04
CUST0289,Justin Rocha,East Joshuaside,3485559911,victoriacannon@gregory-weber.net,2026-02-13
CUST0290,Katherine Salinas,Bakerfurt,943-857-3542x5533,wilsonrobert@gmail.com,2025-08-13
CUST0291,Philip Carrillo,Paulton,+1-726-230-2216x706,lauren24@gallagher.com,2023-06-14
CUST0292,Eric Thomas,Dayhaven,(067)699-7777x576,james52@hotmail.com,2021-11-12
CUST0293,Ebony Pope,Smithland,567-976-1525,james81@hill-lee.com,2024-02-08
CUST0294,Lucas Holland,New Aaronfort,730-648-2596x1091,jenniferbyrd@yahoo.com,2023-03-15
CUST0295,Emily Stewart,Mckenziefort,763-991-3588,gillamy@gmail.com,2025-11-27
CUST0296,Andrew Bell,West Markborough,001-825-968-6967x97164,rthompson@fleming.com,2023-01-05
CUST0297,Kayla Flores,Davidfurt,001-910-674-2176x456,katelynmarshall@yahoo.com,2025-04-07
CUST0298,Melinda Fowler,Jonesbury,0985503265,ikelly@yahoo.com,2022-11-18
CUST0299,Katie Jacobs,Kennethstad,001-676-100-6430x6608,apalmer@roberts.info,2025-05-02
CUST0300,Raven Good,Petersonview,+1-101-052-6329,fscott@hotmail.com,2024-11-15
CUST0301,Mary Summers,Andersonview,1515311016,kevin95@hotmail.com,2026-02-16
CUST0302,Corey Alvarado,Audreyfurt,001-095-722-5501x4340,ogray@hotmail.com,2022-09-10
CUST0303,Raymond Navarro DDS,Lake James,+1-620-946-0489x2413,paulnixon@francis.biz,2026-02-18
CUST0304,Stephanie Stewart,Martintown,7503375296,jcarter@hobbs.com,2023-04-18
CUST0305,John Taylor,Myersview,001-333-546-9441x0727,amandamatthews@cain.net,2021-07-13
CUST0306,Sherri Day,Melindafort,(370)009-8907x935,chandlertina@hotmail.com,2023-09-08
CUST0307,Michael Gonzales,East Christinebury,001-680-357-0463,mbryan@phillips-walsh.com,2025-03-08
CUST0308,Erin Richards,New Jessica,393-968-6265x1253,iallen@gmail.com,2025-11-27
CUST0309,Lisa Holt,Jacobtown,(450)432-3154,brandon25@yahoo.com,2025-08-29
CUST0310,Sara Jackson,Lake Thomasburgh,879.332.0775x665,matthew24@allen-douglas.com,2025-02-05
CUST0311,Christopher Martin,North Normaside,179-072-5947x89613,wwilson@herrera.com,2021-08-08
CUST0312,Kristen Maldonado,East Elizabethfort,001-699-282-2503x80028,williamscatherine@smith.com,2022-05-24
CUST0313,Jean Brady,Blakebury,(636)263-3265x0346,lopezbryan@kelly.biz,2022-07-20
CUST0314,Valerie Martin,West Teresastad,3348723480,lunajohn@gonzalez.com,2022-01-10
CUST0315,Robert Hernandez,Samuelmouth,(612)926-9123x7054,jamesedwards@yahoo.com,2022-01-06
CUST0316,Connie Valdez,Danielshire,246.711.6781,uholland@hotmail.com,2023-07-20
CUST0317,David Jones,North Williamshire,+1-409-652-9645x12253,floyderica@lopez.org,2024-11-05
CUST0318,Jeremy Stevenson,Matthewmouth,9008228892,watsonmichael@jordan.com,2021-10-09
CUST0319,Scott Jackson,Port Christopher,+1-116-427-2342x4686,amberkim@yahoo.com,2022-02-15
CUST0320,Brooke Austin,Dylanbury,(954)370-8306x221,santanasummer@malone-reese.com,2025-02-08
CUST0321,Joseph Smith,Raymouth,(021)366-7558,williamsbrittany@yahoo.com,2023-09-29
CUST0322,Alvin Vargas,Marquezbury,475-671-7076x103,alandeleon@yahoo.com,2022-02-12
CUST0323,Lisa Thomas,West Jacqueline,7389076077,conniemorales@yahoo.com,2022-11-21
CUST0324,Edward Armstrong,North Sharonfort,(912)495-6467,harrisonashley@gmail.com,2022-12-29
CUST0325,Nathaniel Morgan,Robertton,+1-185-072-3311x807,kjones@barton-baker.com,2024-04-13
CUST0326,Todd Drake,North Danielleberg,(194)169-4047,llara@davila.com,2023-11-15
CUST0327,Tiffany Chung,West Ronald,+1-266-960-2290x527,allenjasmine@burnett.com,2022-04-09
CUST0328,Monique Cole,Alanmouth,372-983-5685x896,lisa19@gmail.com,2023-12-13
CUST0329,Michael Mcpherson,East Maria,663-174-7978x73334,ireynolds@yahoo.com,2021-05-23
CUST0330,Justin Kent,Gordonside,(045)764-4515x6517,bentondonald@morrison-hill.biz,2023-05-21
CUST0331,Stephen Riley,Gonzalesburgh,5835617849,sthompson@white-robinson.com,2022-02-07
CUST0332,Erin Parker,Donnashire,+1-961-747-0011x15736,wwalker@hotmail.com,2024-10-15
CUST0333,Tiffany Taylor,West Scottview,001-656-997-7642x95345,melissahodge@hotmail.com,2023-02-19
CUST0334,Marie Mccall,North Arielfort,+1-255-537-8494,wblake@romero-ruiz.com,2021-07-22
CUST0335,Joseph Jackson,Port Susanborough,254-255-5766x67023,nwilliams@hotmail.com,2025-05-21
CUST0336,Kristopher Thomas,West Keith,2502233492,jgreen@hotmail.com,2022-02-16
CUST0337,Mr. Mitchell Johnson MD,Hansonview,493-687-7630x2058,wroth@gmail.com,2022-12-12
CUST0338,Melissa Jimenez,North Gabriellaview,311-102-9575,saradawson@arias-smith.info,2025-12-06
CUST0339,John Booth,East Heather,604-336-0625x3216,david29@thomas.com,2025-05-22
CUST0340,Lisa Bryant,Lake Kaitlynfort,(064)050-7327x120,sarah51@hotmail.com,2025-07-18
CUST0341,Cynthia Fernandez,Paulmouth,220-076-0949x08213,zmurphy@yahoo.com,2024-03-11
CUST0342,Jamie Ward,Port Robertville,333.227.2424x9827,feliciaowens@gmail.com,2021-07-24
CUST0343,Edward Allen,Tonyaside,(731)483-6503,dcampbell@hotmail.com,2023-06-15
CUST0344,Mark Sanchez,Alexanderstad,364-116-3419x2970,jessica87@gmail.com,2024-01-15
CUST0345,Megan Wu,Smithtown,+1-410-014-8112x7950,rharris@anderson.com,2022-09-04
CUST0346,Steven Snyder,Ericaton,+1-287-946-3722x7513,mcintoshsusan@gmail.com,2026-04-06
CUST0347,Ryan Lee,Cooperberg,001-575-704-6456x3159,thomasshawn@gmail.com,2023-02-16
CUST0348,Ricky Clark,Turnerside,766-799-9641x99560,jodyharris@yahoo.com,2023-06-07
CUST0349,Leah Sullivan,South Donna,001-623-031-2277x2885,daltonrobinson@wallace.com,2025-05-24
CUST0350,Joshua Fisher,East Stephanie,087.918.3555x7901,nfrost@yahoo.com,2023-06-05
CUST0351,Ashley Smith,Lake Paulville,001-012-960-7581x937,zlivingston@yahoo.com,2023-06-13
CUST0352,Amber Brown,Edwardshaven,271.947.5799,lauriecohen@lawson.com,2022-04-03
CUST0353,Allison Scott,Veronicaville,541-773-0227x4547,gbooth@gmail.com,2021-12-26
CUST0354,Laura Meyers,East Lindaside,752-123-0169,savageshawn@gmail.com,2026-05-14
CUST0355,Nathan Mcguire,Leonside,(743)649-6424x3490,mckenziescott@lopez.info,2022-03-27
CUST0356,Kaitlyn Mccoy,Lake Stephanie,716-274-3269x34733,lawrencestark@valencia.net,2022-01-24
CUST0357,Teresa Watson,Lesliechester,726-529-9349x99253,pamelagillespie@gmail.com,2022-05-14
CUST0358,Thomas Gentry,New Michaelmouth,001-124-423-7945x133,heidilewis@haley.net,2025-10-24
CUST0359,Ian French,Lake Theresashire,001-633-817-2148,heather91@harris.com,2023-12-20
CUST0360,Jermaine Lopez,South Sara,446-414-3819x6199,qsoto@silva-osborne.com,2023-04-29
CUST0361,Penny Harmon,Stephaniebury,743.265.2577,fergusonduane@yahoo.com,2024-09-17
CUST0362,Nicholas Torres,Morenofort,(869)942-3533,graylaura@hogan-salinas.com,2022-05-10
CUST0363,Peggy Valencia,West Catherine,693-010-1520x077,amber60@brown.info,2021-06-17
CUST0364,Robert Harris,Robertmouth,297.835.4793,jjensen@hill-hines.com,2025-03-21
CUST0365,Adam Frederick,Alextown,(436)749-7886x7877,qscott@sutton.com,2026-03-21
CUST0366,Elizabeth Molina,Port Rose,986-823-5073x23835,wrightcameron@yahoo.com,2025-05-09
CUST0367,Stephanie Wong,East Brittanyland,+1-283-779-1939x21870,shawnsanders@may.com,2022-10-08
CUST0368,Nancy Davila,Port Sandrastad,713.965.0034x29433,kimberlywilliams@garcia.com,2025-06-12
CUST0369,Bruce Russo,North Tina,+1-198-219-3752x546,sarahhartman@parrish-reynolds.net,2024-05-15
CUST0370,Sarah Peters,Smithfurt,(363)975-6375x477,esuarez@davidson.com,2023-09-14
CUST0371,David Cooper,Johnsonborough,796.822.8164x1525,zwalter@tanner.com,2022-07-31
CUST0372,Sherri Smith,Stevenview,(266)324-4800x1468,vgray@lane.com,2022-02-15
CUST0373,Alexandria Case,Maryberg,001-305-333-9670,ramirezmichael@hotmail.com,2022-06-04
CUST0374,Nicholas Robinson,Lake Troy,+1-878-857-6203x196,xmills@yahoo.com,2022-08-03
CUST0375,Beth Chapman,East Bradley,001-442-361-1389x3143,xrogers@yahoo.com,2023-01-04
CUST0376,Carmen Mercado,East Martin,001-794-038-2344x5520,andersontravis@hotmail.com,2024-09-20
CUST0377,David Dickerson,West James,5804568455,ymiller@hotmail.com,2023-03-04
CUST0378,William Rogers,Port Victoriatown,+1-028-055-2882,dlopez@hotmail.com,2025-06-21
CUST0379,Heather Edwards PhD,Port Heidibury,679-638-8483,xleonard@burgess.com,2024-10-24
CUST0380,Joseph Larson,North Erinton,+1-114-128-3322x3539,kevinwilson@gmail.com,2024-10-04
CUST0381,Mary Crawford,North Jameston,(457)534-5522x0963,david94@yahoo.com,2023-04-14
CUST0382,Todd Morgan,Port Davidfort,810-284-6833x62017,twest@hotmail.com,2023-10-01
CUST0383,Dana Wilson,North Shannon,(950)597-1066x59881,jesse42@yahoo.com,2025-02-20
CUST0384,Richard Howe,Rogershaven,001-117-390-8104x7455,jamescollins@campbell-hoffman.info,2021-05-30
CUST0385,Timothy Thomas,Morriston,001-534-758-7552x56388,stephanie10@hotmail.com,2025-12-15
CUST0386,Hannah Davis,Mckinneyfurt,116-471-7933,qmann@hotmail.com,2022-10-31
CUST0387,Doris Horne,Martinville,(077)859-5240,calvinpeterson@hotmail.com,2024-11-12
CUST0388,Allison Gordon,Davidtown,242.572.0886x9488,eharrington@stanley.info,2025-04-05
CUST0389,Brandon Banks,Andersonfurt,525-549-1904x73577,hopkinsolivia@hotmail.com,2023-03-02
CUST0390,Kristin Massey,Port Timothy,(906)137-3028x82457,nparsons@gmail.com,2021-09-07
CUST0391,Juan Alexander,South Amyport,001-102-614-5006x71369,brockangela@gmail.com,2023-03-11
CUST0392,Paula Garcia,Lake Joseph,996.662.9527x345,simmonstheresa@hotmail.com,2023-10-25
CUST0393,Janet Fitzgerald,West Emilyland,552.523.2293x2699,ruthnicholson@gmail.com,2021-11-07
CUST0394,Michael Cooper,Gonzalezview,(720)086-2218x65144,barbarapeterson@yahoo.com,2022-11-10
CUST0395,Jeffrey Montoya,Port Megan,001-114-082-7164,jjohnston@yahoo.com,2025-12-19
CUST0396,Zachary Atkinson,East Jacobfurt,636.163.7320x56328,mccoyjulie@yahoo.com,2024-04-10
CUST0397,Tara Johnson,Smithland,971.589.2594x424,usmith@gmail.com,2023-08-25
CUST0398,Betty Watson,West Nicholasville,227.399.3791x9148,laurenchristensen@yahoo.com,2023-04-16
CUST0399,Matthew Williams DDS,Jimenezmouth,+1-665-837-5882,kdrake@yahoo.com,2021-12-26
CUST0400,Daniel Thompson,Mistyland,001-646-800-3694x83562,smithgordon@pugh-sanford.com,2025-12-01
